,county,sd_date,shelter_in_place,asthma,prop_diabetes,CHD_hosp,ob_prev_adj,hypertension_hosp,prop_food_stamp_SNAP_recip,median_HHI,income_inequal,prop_poverty,unemployment_rate,annual_PM2.5,prop_uninsured,prop_medicaid_eligible,education,housing_density,atl_dist,pop,age,white,black,hispanic,indigenous,asian,partisan,commute_out,commute_in,range_mob,range_sip,auc_mob,auc_sip,min_mob,max_sip,end_mob,end_sip,first_case,cases_4wks,cases,deaths,deaths_6wks
1,appling,3/16/2020,4/3/2020,230.7,16.2,61.2,35.7,130.5,19,38,0.466,19.7,5.2,10.6,17.6,28.2,75.1,16.8,297213.9717,9.825904318,0.011357045,0.77257254,0.20721889,0.102447722,0.009347814,0.009617982,0.597738288,0.377478792,0.40319879,0.03207581,0.03207581,2781,23.25206336,82,0.747825505,100.8571429,0.838623517,3/25/2020,47,88,12,10
2,atkinson,3/24/2020,4/3/2020,456.2,12.4,93.4,31.8,170.4,22.4,33.3,0.496,26.4,4.5,10.4,24.2,32.8,69.9,10.4,307845.3859,9.023649283,0.009221849,0.77172472,0.185729782,0.249728818,0.022056165,0.010847294,0.491276764,0.402796191,0.269012896,-0.01155939,-0.01155939,2865,23.50810534,88,0.765567766,107.4285714,0.839855124,4/7/2020,14,20,2,2
3,bacon,3/16/2020,4/3/2020,617.1,17.4,54.8,32.7,89.6,20.8,36.9,0.425,22.9,4.1,10.4,18.6,27.6,82.5,18.6,304656.9443,9.322328874,0.010453575,0.803486813,0.179436746,0.087080912,0.007331247,0.008404113,0.739425587,0.408046491,0.39606616,-0.013321874,-0.013321874,3172,23.66833858,78,0.78988764,108.5714286,0.850324045,3/29/2020,21,32,2,1
4,baker,3/18/2020,4/3/2020,487.1,17.9,60.2,31.7,146,33.1,35.5,0.468,27.8,6.3,10.8,16.1,23.8,77.6,4.8,270290.2047,8.03657341,0.0144689,0.522962484,0.456015524,0.060478655,0.008085382,0.012613195,0.168600155,0.403622251,0.216364812,0.038513257,0.038513257,NA,22.56633242,NA,0.725403818,NA,0.815350101,3/24/2020,20,29,1,2
5,baldwin,3/22/2020,4/3/2020,613.4,10.7,76.6,33.9,138.1,20.2,40.7,0.499,26,5.8,11.4,15,21.3,82,78.2,130242.9945,10.71047668,0.010512128,0.540369899,0.43377284,0.022265355,0.006670682,0.019655088,-0.003709389,0.352051402,0.367088325,0.023989106,0.023989106,3063,22.64922761,94,0.727272727,108.2857143,0.785422548,3/21/2020,108,270,16,8
6,banks,3/24/2020,4/3/2020,300.6,9.4,78.4,31.1,164.3,14.9,43.4,0.395,15.5,3.9,10.4,17.2,21.9,77,32.7,105776.7954,9.85156248,0.011243275,0.936696861,0.036128081,0.0711502,0.014008848,0.013324205,0.803415061,0.405361281,0.236201812,0.023155949,0.023155949,3074,22.80061579,93,0.745484401,126,0.809660556,3/30/2020,17,35,0,0
7,barrow,3/24/2020,3/31/2020,391.7,17,76.9,34.9,162.3,18.2,54.9,0.393,12.9,4.1,11.1,17.1,21.6,83.2,164.7,67720.71977,11.29984362,0.008413017,0.805838459,0.138685047,0.115296564,0.011916989,0.044017374,0.483926291,0.390463933,0.218577139,-0.021728797,-0.021728797,3130,23.24736078,90,0.750230019,100.2857143,0.837138438,3/18/2020,66,191,9,4
8,bartow,3/24/2020,3/27/2020,469.4,12.7,101.4,34.7,191.2,16.7,52.5,0.438,15.1,4.6,11.2,16.3,22,82.7,86.7,68273.26736,11.57503604,0.009467191,0.849024509,0.124407939,0.087944515,0.012630629,0.014190662,0.532696271,0.413042252,0.349090294,-0.003817472,-0.003817472,3023,23.27231509,84,0.76077231,99.71428571,0.831122834,3/12/2020,196,360,36,27
9,ben hill,3/24/2020,4/3/2020,710,11.7,87.5,33.5,160.7,28.3,32.6,0.457,26.4,7.2,10.7,15.4,34.4,81.4,31.8,247344.0301,9.728360056,0.011469538,0.60999583,0.369333413,0.062250551,0.011020432,0.010305594,0.280511988,0.358074701,0.363733842,-0.008894922,-0.008894922,2843,23.3633285,54,0.768292683,90.85714286,0.835637929,3/24/2020,19,38,1,0
10,berrien,3/24/2020,4/3/2020,540.8,12,85.5,33.5,168.6,22.5,39.2,0.439,22.3,5.1,10.8,17.1,28.1,80.1,19.3,296410.4106,9.86537023,0.011420415,0.86053397,0.117026802,0.049189695,0.008154997,0.014440058,0.706014075,0.337575317,0.202576356,0.076656037,0.076656037,2459,21.52391511,59,0.683738192,86,0.75447827,3/30/2020,15,19,0,0
11,bibb,3/24/2020,4/3/2020,569.2,12.4,86.2,35.3,166.9,28,38.1,0.524,26.3,5.4,11.3,14,29.5,85.1,278.9,123381.623,11.93881392,0.01043487,0.402874032,0.565818609,0.034070348,0.006995656,0.026081845,-0.228053121,0.383840099,0.531291028,-0.014719639,-0.014719639,2204,21.57842847,33,0.709381102,71.71428571,0.806941065,3/19/2020,118,379,20,10
12,bleckley,3/24/2020,4/3/2020,458.1,7,101.6,35.2,162.3,19.3,41.4,0.503,21.7,5.8,11,13.8,20.9,84.9,24.6,176953.9298,9.460164802,0.011766609,0.707820533,0.27480916,0.031157501,0.005997819,0.012229319,0.579012346,0.331360025,0.210624708,-0.03559475,-0.03559475,1946,21.76547493,37,0.702702703,60.71428571,0.795477074,3/31/2020,12,22,0,0
13,brantley,3/24/2020,4/3/2020,357.9,5.9,108.5,31.1,183,20.8,37.7,0.43,20.8,5.5,9.5,17.7,24.9,81.7,18.3,363291.0899,9.846758458,0.010854258,0.936921204,0.044980685,0.019897338,0.014129227,0.004762661,0.831928346,0.350320157,0.152669736,0.056468942,0.056468942,1588,20.97292201,24,0.655757312,51.71428571,0.730267968,4/6/2020,22,23,2,2
14,brooks,3/24/2020,4/3/2020,649.8,10.6,58.8,30.3,152.1,25.6,33.7,0.474,24.9,4.4,10.7,19.9,29.3,80.5,15.6,332890.2774,9.649433661,0.012759611,0.616773029,0.358409076,0.058660478,0.010829627,0.013408109,0.231212863,0.348804229,0.19551344,-0.008859984,-0.008859984,1361,20.16475999,26,0.642908899,59.4,0.732958206,3/29/2020,39,64,9,7
15,bryan,3/24/2020,4/3/2020,311.3,11.2,65.2,32.2,152.1,10.3,77.2,0.434,9.6,4.3,10.3,12.4,13.7,91.5,27.2,336538.9671,10.54820575,0.007275602,0.790915532,0.16633866,0.072948647,0.01309402,0.030622688,0.41334668,0.390747592,0.181899289,0.016241379,0.016241379,2509,20.56795665,48,0.646071101,89,0.75884787,3/24/2020,34,57,5,4
16,bulloch,3/24/2020,4/3/2020,557,12.6,90.1,30.6,181.5,16.5,42.1,0.491,24,4.9,10.6,17,17.9,86.7,42.8,289130.1557,11.25539749,0.007724163,0.665959429,0.307376837,0.041231112,0.009120782,0.018280377,0.262551197,0.395841958,0.371092941,-0.011834393,-0.011834393,2288,21.93775831,57,0.717044974,82.85714286,0.777042148,3/29/2020,34,41,2,2
17,burke,3/16/2020,4/3/2020,977.5,12.6,78.4,32.2,171.2,29.8,37.4,0.459,26.7,7.1,11,13.4,31.8,80,11.9,234698.2524,10.0178425,0.010291782,0.499219551,0.48374437,0.032555858,0.009097801,0.007938278,0.016167871,0.383222584,0.417205548,-0.003749216,-0.003749216,2223,21.20753628,62,0.650977154,84.14285714,0.746275451,3/24/2020,51,90,4,3
18,butts,3/17/2020,4/3/2020,542.2,11.6,70.2,29.6,143.2,20.8,46.1,0.48,17,4.8,11.3,14.3,23.4,77.3,50.7,65391.26798,10.09381861,0.01025681,0.68763692,0.296284049,0.034720787,0.008308188,0.008638862,0.440821392,0.349398586,0.278716984,-0.021913628,-0.021913628,2282,21.43086863,51,0.668743325,75.14285714,0.770162886,3/22/2020,43,167,18,16
19,calhoun,3/24/2020,4/3/2020,1103.9,18,49.6,29.6,135.7,23.5,33.5,0.498,33,5.3,10.6,18.8,26,74.3,8.6,248639.5768,8.756525003,0.011041562,0.363035264,0.618073048,0.049905542,0.00865869,0.008501259,-0.144286467,0.315491184,0.316593199,0.005964791,0.005964791,NA,21.65461439,NA,0.691428571,NA,0.761249682,3/27/2020,84,110,6,5
20,camden,3/24/2020,4/3/2020,717.1,16.8,77.2,31.8,159.8,14.2,53.1,0.433,15,5.2,9,13.6,15.7,91.5,34.4,407673.3886,10.89073988,0.008874353,0.751644093,0.209475194,0.069620135,0.014959852,0.024964137,0.3172147,0.437002813,0.38239842,0.01489513,0.01489513,2059,20.55025594,43,0.635819245,77.28571429,0.735294787,3/13/2020,19,35,1,1
21,candler,3/24/2020,4/3/2020,872.9,10.2,70.2,34.6,120.9,21.9,33,0.523,25,4.3,10.5,20.5,31,75.7,19.6,262910.4133,9.290629203,0.011390377,0.721483942,0.255352529,0.123385013,0.006921373,0.014673311,0.451257417,0.376984127,0.286821705,-0.029504314,-0.029504314,2027,20.86879035,47,0.674283065,81.57142857,0.758544201,3/29/2020,8,7,0,0
22,carroll,3/24/2020,3/25/2020,482.9,12.6,87.8,35,153.5,17.1,50.6,0.452,14.9,5,11.1,15.5,21.7,82.6,89.4,67001.3131,11.6794648,0.009076472,0.766095783,0.211037834,0.071562212,0.01045538,0.013029013,0.406854193,0.394917077,0.354704075,-0.023853841,-0.023853841,2087,21.52463187,38,0.686828717,72.71428571,0.763404343,3/20/2020,260,389,24,14
23,catoosa,3/24/2020,4/3/2020,114.5,15,73.2,34.3,141.1,26.3,53.7,0.412,12.9,4.1,11,12.8,19.8,86.6,164.1,145477.4406,11.11869699,0.011640509,0.932482943,0.037763275,0.031266686,0.011183625,0.017591219,0.601523697,0.440240285,0.24089291,0.060192277,0.060192277,1991,20.79718955,32,0.632667126,86.57142857,0.712597878,3/23/2020,23,52,0,0
24,charlton,3/24/2020,4/3/2020,400,16,94.5,32.9,176,15.8,38.9,0.41,27.2,5,8.9,14.5,20,77.2,5.8,392725.5168,9.470240063,0.010791033,0.653840222,0.303439235,0.047038865,0.032001851,0.011258482,0.507259259,0.355567551,0.209978408,0.02498252,0.02498252,1783,21.03916309,47,0.677475314,70.42857143,0.71043237,3/11/2020,3,14,1,0
25,chatham,3/18/2020,4/3/2020,707.9,9.9,51.4,30.7,143,16,52.7,0.476,16.6,4.5,9.9,14.7,18.2,89.3,279.8,366177.1568,12.57485648,0.010195911,0.532737426,0.423921575,0.065588962,0.009612891,0.036791784,-0.189621703,0.434737807,0.526492505,-0.029773881,-0.029773881,2190,21.61626226,45,0.694827586,70.28571429,0.796564848,3/20/2020,173,285,18,9
26,chattahoochee,3/24/2020,4/3/2020,283.9,9.9,61.9,29.8,134.9,7.5,44.1,0.438,21.5,7.6,11.5,11.7,6.5,92.7,13.6,161002.4987,9.276502574,0.003721917,0.698895545,0.224073381,0.160614002,0.025365032,0.046330962,0.098642534,0.613534257,1.402564583,0.002486182,0.002486182,2131,20.94450647,41,0.646884037,78.28571429,0.763935409,3/28/2020,8,13,0,0
27,chattooga,3/23/2020,4/3/2020,255.2,10.8,116,33.8,195.8,18.6,37.3,0.458,20.1,4.8,10.9,17.2,27.4,73,35,119406.2993,10.11819563,0.011697251,0.867043163,0.112464704,0.053892699,0.010084712,0.007825736,0.604116223,0.356313029,0.283098023,-0.07212331,-0.07212331,2115,21.26842367,48,0.681908549,83,0.775585211,3/22/2020,9,16,2,2
28,cherokee,3/24/2020,3/25/2020,283.2,9.3,70.1,25.8,126.6,6.5,78.7,0.418,7.5,3.7,11.2,13.9,9.6,90.8,195.3,55194.4393,12.44567599,0.009194252,0.877843312,0.084820322,0.10803505,0.011229633,0.027188775,0.457217769,0.425010525,0.250136731,-0.060106092,-0.060106092,2230,21.69161893,50,0.696517413,76.28571429,0.780692936,3/9/2020,133,569,29,9
29,clarke,3/17/2020,3/20/2020,469.1,8.1,61.7,26.2,131.7,24.4,36.7,0.526,27.9,4.8,11,15.5,19.4,86.7,428.4,96733.12831,11.75453742,0.007322266,0.645755124,0.295688369,0.108631116,0.008709652,0.051378308,-0.417116992,0.415872143,0.556797298,0.086057585,0.086057585,2346,20.4814423,50,0.635364886,81.57142857,0.718935312,3/15/2020,83,176,13,13
30,clay,3/24/2020,4/3/2020,240.4,12.2,63,32.3,135.4,38.1,27.6,0.498,35.2,8.9,10.5,16.8,38.4,82.7,10.8,243272.7804,7.96797318,0.016799633,0.376861794,0.609629373,0.016626256,0.006234846,0.006581226,-0.089376054,0.290959474,0.188777277,0.025663579,0.025663579,NA,20.74952771,NA,0.665787258,NA,0.738873459,3/31/2020,20,27,2,3
31,clayton,3/19/2020,3/30/2020,663.7,11.6,61,34.5,142.6,30.6,44.6,0.417,20.8,5.9,11.5,17.2,31.8,84.1,739.6,23732.82261,12.57630773,0.006489987,0.196056834,0.740438168,0.13340124,0.012896431,0.056554391,-0.760237279,0.380318699,0.3283428,0.022370325,0.022370325,2147,21.25620537,54,0.675873732,89.28571429,0.735263497,3/15/2020,362,878,42,21
32,clinch,3/24/2020,4/3/2020,594.9,24.2,85.3,33.5,142.9,30,34.8,0.56,26,4.7,9.6,16,35.1,73.6,3.8,353306.0222,8.802071337,0.010432677,0.696750903,0.284296029,0.05866426,0.0127858,0.005565584,0.523914969,0.341456077,0.346269555,0.101485392,0.101485392,1319,18.92943961,20,0.572463768,49.28571429,0.65858806,3/22/2020,7,16,1,0
33,cobb,3/20/2020,3/25/2020,426.6,8.4,67.6,26,136.3,10,71,0.455,10,4.1,10.5,13.9,13.4,91.2,843.7,27320.43113,13.53694018,0.008388922,0.62602842,0.302928528,0.131891421,0.011371909,0.064113151,-0.095938604,0.476830082,0.449183144,-0.001329819,-0.001329819,1487,18.74001995,23,0.574035063,50.28571429,0.657030733,3/7/2020,428,2024,138,51
34,coffee,3/24/2020,4/3/2020,686.5,10.5,102.2,35,182.3,22.7,38.7,0.504,23,4.9,10.8,18.4,28.6,78.3,29.7,284555.503,10.67111585,0.009034665,0.685378136,0.294711438,0.119880259,0.009235839,0.010929849,0.420055489,0.350567378,0.377741164,-0.020717733,-0.020717733,1213,19.37455613,17,0.613827993,54.33333333,0.693135404,3/23/2020,83,165,13,7
35,colquitt,3/24/2020,4/3/2020,598.7,16.8,77,31.6,175.4,27.1,34.9,0.463,25,4.7,11,22.8,30.8,73.1,33.7,291400.3151,10.72748754,0.010194571,0.726969644,0.243463766,0.196657308,0.017415336,0.011361642,0.522718507,0.395047377,0.363835761,0.038092315,0.038092315,587,18.29005795,NA,0.554962717,23,0.638482931,3/24/2020,154,201,13,10
36,columbia,3/24/2020,4/3/2020,254,9.4,67.6,28.4,138,7,74.9,0.41,7.2,4.2,11.2,9.4,9.7,92.3,167.6,198041.2421,11.94659571,0.009018336,0.734851676,0.200419986,0.068681906,0.010694078,0.055959194,0.339487945,0.404657433,0.202740276,-0.023402605,-0.023402605,705,17.85829019,1,0.539537649,23.5,0.669174864,3/18/2020,78,170,6,4
37,cook,3/24/2020,4/3/2020,664.4,14.4,71.5,29.9,151.9,26,35.5,0.447,25.1,4.6,10.7,18.1,30.7,78.7,32.1,303006.5295,9.750452916,0.010777973,0.69502389,0.286971215,0.056986365,0.008448899,0.010371752,0.422023092,0.404032164,0.283941266,-0.045337736,-0.045337736,798,18.42469106,1,0.57424794,37.14285714,0.683709939,3/30/2020,17,31,2,2
38,coweta,3/24/2020,4/3/2020,369.1,8.6,77.7,27.9,145.9,11.8,71.1,0.433,9.9,4.2,11.3,11.5,14.5,89,113.8,56648.2882,11.89042996,0.00934343,0.768709209,0.194578511,0.071408984,0.010187572,0.027888992,0.405761912,0.420192782,0.268455548,-0.060845758,-0.060845758,1275,20.04643788,1,0.571523975,56,0.708036782,3/13/2020,90,257,7,4
39,crawford,3/24/2020,4/3/2020,421.6,18,88.8,32.8,166.6,19.5,44,0.466,19.3,4.8,11.4,16.3,23.1,84.4,16.3,121534.6008,9.418816886,0.012063848,0.758158792,0.215538237,0.035070628,0.012664394,0.01371976,0.464734495,0.391216107,0.140931969,-0.00061771,-0.00061771,1611,19.02645824,32,0.517456766,60.71428571,0.704222419,4/5/2020,18,19,0,0
40,crisp,3/24/2020,4/3/2020,665.5,17.2,98.2,34.3,179.7,28.7,34.2,0.561,30.3,5.6,11,15.4,30.3,80.9,39.4,211847.4571,10.02574943,0.012325189,0.523295429,0.454050706,0.034998451,0.006504137,0.016061236,0.264964539,0.369010221,0.399539843,0.00254879,0.00254879,1588,19.63766228,15,0.596726787,55.57142857,0.721677358,3/24/2020,125,181,7,6
41,dade,3/24/2020,4/3/2020,49.5,22.6,87.1,34.8,149,12.1,36.2,0.452,15.6,4.3,10.5,14.3,18.2,79.1,42,159961.8574,9.694370173,0.012522183,0.956859362,0.017132996,0.022802909,0.013065451,0.013188709,0.663493226,0.462097868,0.293664489,0.049819682,0.049819682,1366,19.98178705,2,0.625970246,57.42857143,0.692297681,3/31/2020,14,16,1,1
42,dawson,3/24/2020,4/3/2020,285.3,14.2,70.8,27.9,131.4,9.7,61.2,0.464,10.2,3.9,10,16.1,14.1,86.8,49.4,79401.71267,10.1299456,0.0124669,0.961886537,0.015229438,0.04847905,0.011681218,0.011442013,0.728261808,0.386955308,0.314834749,0.006333039,0.006333039,1436,18.78463177,23,0.50918463,49.85714286,0.666464975,3/20/2020,42,73,2,1
43,decatur,3/24/2020,4/3/2020,581.3,13.1,76.3,27.7,153.4,30.4,36.1,0.512,29.9,5.5,10.9,17,32.1,80.6,20.3,320601.0344,10.1877262,0.011055317,0.544158043,0.434430856,0.062577611,0.012982126,0.00812794,0.205226328,0.369482596,0.344459078,0.022626799,0.022626799,1439,19.44527103,5,0.595325727,52.85714286,0.691181605,3/25/2020,50,105,4,2
44,dekalb,3/19/2020,3/24/2020,772.2,8.5,55.4,25.4,137.4,20.9,56.1,0.491,17.5,4.8,10.2,15.3,21.3,88.7,1139.7,14931.47075,13.53653448,0.008466361,0.357787506,0.562749981,0.085994729,0.012092926,0.073108737,-0.678257728,0.44601207,0.40172994,-0.037098051,-0.037098051,1551,20.7815852,19,0.661697248,60.14285714,0.742879486,3/10/2020,645,2396,96,29
45,dodge,3/23/2020,4/3/2020,574,14.8,91.3,29.9,166.9,19.9,35.8,0.45,25.2,5.9,11.1,16.6,24.2,83,19.9,209605.7052,9.938130496,0.012069778,0.671673509,0.311663849,0.036029944,0.00854866,0.007196329,0.481943068,0.375319971,0.281526201,0.005751418,0.005751418,1512,20.12748669,26,0.590786527,51,0.713889959,3/25/2020,21,31,2,1
46,dooly,3/24/2020,4/3/2020,575.9,14.2,71.9,33.1,171.3,19.4,40.6,0.446,28.5,5.2,11.2,17.9,21,73,16.1,186008.9471,9.525588972,0.013160797,0.47854954,0.506055742,0.068729024,0.006712389,0.008901211,0.05770751,0.347293156,0.292134831,-0.037703603,-0.037703603,1706,20.56997543,31,0.646572104,69.85714286,0.755130641,3/30/2020,119,135,12,12
47,dougherty,3/24/2020,4/3/2020,824.1,13.8,54.9,33.2,150.4,34.9,35.8,0.505,30.5,6.3,10.7,15.7,35.2,82.7,124.1,247682.0555,11.42128156,0.010144315,0.26329691,0.717720811,0.029284438,0.006762163,0.013140734,-0.402545744,0.367973434,0.513387328,-0.005096901,-0.005096901,1522,21.09379091,4,0.666566446,47.71428571,0.732260827,3/14/2020,1076,1566,138,108
48,douglas,3/23/2020,3/26/2020,533.1,10,85.9,29.7,161,18.3,59.7,0.409,12.9,4.9,11.4,14.5,19.5,88.2,258.3,35799.30513,11.88676918,0.007909356,0.466982268,0.502136502,0.099964908,0.011965788,0.022500361,-0.204669261,0.415761262,0.301924572,0.047542433,0.047542433,1563,19.76897943,25,0.58317224,54.14285714,0.677932398,3/20/2020,220,366,22,11
49,early,3/24/2020,3/24/2020,853.4,17.1,64.8,34.2,139.6,36.2,26.9,0.478,31.4,5.7,10.8,15,35.8,80.4,9.7,274926.7591,9.234740259,0.012666652,0.463452718,0.518981165,0.023128721,0.008783058,0.008880648,0.107617896,0.363033083,0.355323509,0.004610092,0.004610092,1752,20.10841431,35,0.63169737,57,0.703249491,3/19/2020,146,224,29,20
50,echols,3/24/2020,4/3/2020,248.2,11,80,27.5,154.4,24.2,35.9,0.486,23.2,3.8,9.5,26.8,23,69.3,3.8,366791.5499,8.29404964,0.00905442,0.8835,0.06475,0.301,0.0425,0.0075,0.771653543,0.4145,0.09025,-0.034290296,-0.034290296,1593,21.01131739,9,0.676023392,48.85714286,0.775226521,4/7/2020,5,6,0,0
51,effingham,3/24/2020,4/3/2020,288,9.6,61.7,35.6,139.6,11.1,63.8,0.385,10.3,4.1,10.4,11.7,14.6,87,41.6,323280.3192,11.03794949,0.007991738,0.821466474,0.151857212,0.048174948,0.011577424,0.016095835,0.548714218,0.404936485,0.180816852,0.009477392,0.009477392,1581,20.05577129,36,0.609176539,57,0.727416175,3/20/2020,25,38,1,1
52,elbert,3/24/2020,4/3/2020,519.5,6.3,72.6,31.4,152.4,26.2,37.1,0.493,22.3,5.1,10.6,16.9,28.4,78.6,27.3,148413.9363,9.858490187,0.01362576,0.682008368,0.296914226,0.058891213,0.008838912,0.012604603,0.400378993,0.369665272,0.347175732,-0.014720149,-0.014720149,1444,20.53648156,18,0.643084031,39.42857143,0.727237757,4/3/2020,24,34,0,0
53,emanuel,3/24/2020,4/3/2020,522.7,16.1,86.2,33.3,170.1,25.6,32.5,0.474,27.4,6.7,10.7,17.2,32.2,79.9,14.6,233483.9014,10.02623602,0.010584759,0.627631346,0.35538652,0.044931895,0.008093048,0.008667964,0.40461379,0.352025473,0.323500796,-0.032184919,-0.032184919,1116,20.90760384,4,0.677496992,38.14285714,0.751743856,3/31/2020,20,23,2,1
54,evans,3/24/2020,4/3/2020,718.2,6.3,72.2,32.5,152.9,23.4,34.7,0.482,24.4,4.4,10.4,18.1,30.2,76.3,25.5,293428.5971,9.279959714,0.010835168,0.651525044,0.320772316,0.119205298,0.010446787,0.014737431,0.392225123,0.358268818,0.382240463,0.041534428,0.041534428,1028,19.44059355,12,0.593385827,35.33333333,0.698864367,4/13/2020,5,5,0,0
55,fannin,3/24/2020,4/3/2020,231,11.5,63,27,116.7,12.2,41.5,0.456,14.1,4.7,9.4,18.2,21.1,85.8,41.9,123758.1996,10.16446624,0.017936005,0.968379294,0.011824064,0.025304267,0.011708519,0.008203667,0.668300945,0.323948544,0.288206748,-0.027471636,-0.027471636,828,19.63031028,7,0.625035004,22.42857143,0.710345491,3/25/2020,20,34,1,1
56,fayette,3/24/2020,4/3/2020,339.1,9.7,52.6,32.5,116.4,6.3,83.1,0.42,6,4,11.5,9.8,8.2,94.9,209.9,39126.78614,11.63919682,0.011929506,0.674745943,0.255308085,0.074123692,0.011052451,0.062040032,0.132780441,0.430763536,0.397553301,-0.028641127,-0.028641127,610,20.01122261,NA,0.628752887,23.71428571,0.724817919,3/10/2020,79,191,11,8
57,floyd,3/24/2020,3/24/2020,456.6,12.9,108.2,34.4,190.9,19.4,46.6,0.464,15.8,5.1,10.9,16.2,24.3,80.6,79.5,95147.56193,11.49197758,0.011140481,0.804701461,0.160231601,0.112931061,0.013601969,0.020106814,0.432592788,0.399644633,0.44686348,0.061932378,0.061932378,604,18.21036564,NA,0.555616692,24.16666667,0.650920129,3/10/2020,89,155,13,9
58,forsyth,3/24/2020,4/3/2020,242.2,7.3,66.8,29.5,130.2,3,101.8,0.409,5.7,3.8,11.2,9.8,6.3,92.5,285.9,57790.68941,12.37417695,0.008212151,0.789609149,0.048695755,0.096922388,0.009889608,0.153398813,0.426086304,0.382765878,0.309320745,0.003483955,0.003483955,1296,18.3038197,17,0.569566248,37,0.657698603,3/16/2020,138,361,12,8
59,franklin,3/24/2020,4/3/2020,378.1,11.9,75.8,30.5,146.8,18.5,41.5,0.473,21.4,4.7,10.5,18.8,26.9,77.3,40.4,127185.5124,10.044249,0.012438833,0.86778439,0.107848673,0.04625809,0.010815272,0.014594102,0.738217968,0.338574469,0.354558485,0.012826332,0.012826332,1338,18.47210589,5,0.537598425,49.28571429,0.646974202,3/27/2020,16,25,1,1
60,fulton,3/16/2020,3/17/2020,820.8,8.3,57,25,135.6,17.3,62.8,0.541,16,4.9,12,13,18.5,91.7,830,8501.270973,13.86440929,0.008136669,0.455840985,0.458488317,0.072690203,0.008567641,0.082946233,-0.45682747,0.442126283,0.797913369,0.007661276,0.007661276,1321,19.5580962,17,0.579043847,53.71428571,0.681251991,3/3/2020,570,3258,190,60
61,gilmer,3/24/2020,4/3/2020,258.1,16.8,76.2,28.1,130,12.5,46.3,0.445,15.2,5,9.9,23.1,21.4,81.1,38.8,104559.4368,10.33578931,0.01515709,0.955575026,0.017490914,0.119061526,0.013694185,0.009183541,0.683772982,0.34952622,0.27404595,0.018705532,0.018705532,1142,19.34699432,5,0.567516605,26.83333333,0.684801,3/30/2020,54,89,0,0
62,glascock,3/24/2020,4/3/2020,353.7,15.2,73,28.9,174.2,17.2,41.4,0.399,18.5,5,10.6,12.9,24.6,77.6,10.6,174873.6621,8.004699511,0.012294618,0.888814691,0.095492487,0.019365609,0.011352254,0.004006678,0.831667948,0.443071786,0.185642738,-0.011083715,-0.011083715,NA,19.93279654,NA,0.596415904,NA,0.717213983,5/7/2020,1,1,0,0
63,glynn,3/24/2020,4/3/2020,538.8,12.6,67.1,28.4,132,19.1,48.7,0.502,19.1,4.5,8.9,17.4,20.7,88.1,97,392084.0581,11.35297969,0.012899109,0.689341579,0.280277872,0.068447177,0.010666635,0.020711344,0.278945111,0.415118694,0.481195508,0.044818178,0.044818178,1169,19.00169817,2,0.556018456,40,0.65170007,3/19/2020,44,71,1,1
64,gordon,3/24/2020,4/3/2020,264.1,13.7,99.8,26.4,166.3,14.3,45.7,0.439,16.1,4.8,11,20.1,22.3,76.9,62.6,94854.06244,10.96275245,0.009922902,0.917725579,0.053826818,0.162537921,0.011112074,0.01489122,0.648168951,0.404871284,0.405998093,-0.018124618,-0.018124618,1053,18.5612972,6,0.515525938,38.42857143,0.705528424,3/13/2020,28,120,15,10
65,grady,3/24/2020,4/3/2020,623,15.1,71.4,34.4,162.1,22.6,40.2,0.466,21,5.3,11.1,19.6,26.5,77.7,23.7,320815.0522,10.11649996,0.011899929,0.665427509,0.304953936,0.117100372,0.019557136,0.009091644,0.349940263,0.371423953,0.243575238,0.000289302,0.000289302,1346,18.91774969,10,0.577109407,41.28571429,0.683768571,3/31/2020,58,80,4,4
66,greene,3/24/2020,4/3/2020,815,10.2,39.2,31.1,83.9,13.6,47.2,0.57,18.2,4.9,11.1,18.7,24.4,82.4,22.4,114666.7569,9.781206918,0.01731982,0.63142728,0.345745282,0.062040909,0.010283648,0.01254379,0.30717065,0.334557577,0.358176065,0.026438863,0.026438863,1444,19.53468942,9,0.621555008,54.28571429,0.683284786,3/24/2020,45,56,7,5
67,gwinnett,3/20/2020,3/27/2020,430.9,10.9,62.4,29.6,137.3,11.2,67.2,0.426,11.3,4.2,11.2,16.7,15.4,87.5,677.4,40745.7593,13.74055099,0.007115388,0.545067209,0.310991495,0.214783446,0.01586258,0.133823607,-0.143208708,0.432218379,0.382068613,-0.020789713,-0.020789713,1396,18.58319723,8,0.536389978,62.42857143,0.669813914,3/10/2020,525,2253,121,42
68,habersham,3/24/2020,3/29/2020,283.9,7.3,68.8,29.5,136.7,11.3,46.8,0.437,15.6,4.5,9.7,18.7,19.4,78,65.6,125450.3487,10.72300303,0.01179112,0.905107077,0.04924209,0.151097206,0.017008901,0.027011545,0.67916129,0.36547105,0.349277342,0.026997167,0.026997167,1488,19.32854382,15,0.567549778,62.71428571,0.707369599,3/27/2020,165,383,18,16
69,hall,3/24/2020,4/3/2020,337.7,11.7,69.8,31.7,147.9,15.2,55.3,0.452,13.7,3.9,10.5,20,21.2,78.2,175.2,81622.95045,12.21675538,0.009948976,0.871242852,0.089295961,0.289832202,0.014568534,0.024645309,0.478518233,0.409398065,0.416650177,0.02190843,0.02190843,1686,19.86998132,17,0.622531418,61,0.687451595,3/16/2020,292,1958,41,12
70,hancock,3/24/2020,4/3/2020,603.6,16.4,65.9,30.3,127.2,25.5,30.6,0.486,33.5,7.3,10.9,13.7,27.8,69.8,11.4,139387.9895,9.029777268,0.014867453,0.262697652,0.717177767,0.023957834,0.009583134,0.011260182,-0.505636979,0.253953043,0.141351222,0.011048842,0.011048842,NA,18.93537963,NA,0.553965814,NA,0.663835041,4/7/2020,67,117,15,6
71,haralson,3/24/2020,4/3/2020,529.2,7.6,87.4,27.2,152.6,20.2,43.2,0.458,18.5,4.8,10.7,14.8,26,79,43.5,76444.70552,10.29326356,0.010729364,0.924017201,0.055666543,0.018284631,0.010361291,0.010564453,0.761360416,0.366708428,0.298648969,-0.008858213,-0.008858213,1524,19.60590571,15,0.588777219,67.33333333,0.69175119,3/27/2020,26,32,2,2
72,harris,3/24/2020,4/3/2020,232.5,11.7,60.3,31.5,122.4,6.9,70.7,0.438,8.7,4.3,11.3,10.7,10.2,89.1,28.9,123301.4365,10.4479897,0.011904854,0.796258158,0.176040609,0.03799855,0.010819434,0.016968818,0.488740148,0.429673677,0.169340102,0.001152686,0.001152686,1225,19.84744496,5,0.638804458,43,0.703527701,3/24/2020,44,61,4,2
73,hart,3/24/2020,4/3/2020,455.7,6.3,68.4,31.4,137.9,18.3,41.2,0.458,17.3,4.5,10.6,16.2,23.4,81.2,56,147041.5197,10.16965228,0.014034721,0.778842101,0.203571018,0.038583854,0.00624545,0.012414269,0.539596757,0.365377984,0.269895398,0.027615913,0.027615913,1458,18.79372213,23,0.54674966,56,0.6667857,3/28/2020,6,15,0,0
74,heard,3/24/2020,4/3/2020,402.6,18.3,101.7,30.8,159.7,22.5,42,0.417,19.7,5,10.8,15.7,26.2,80.3,17.4,85588.99409,9.382527414,0.011290105,0.869770183,0.111288829,0.028201027,0.012374779,0.007913124,0.670776819,0.36695008,0.168532705,-0.031230346,-0.031230346,1465,19.27384913,17,0.613956752,59,0.69348686,3/20/2020,5,14,2,1
75,henry,3/18/2020,4/3/2020,365.4,12.3,60.3,33.7,134.3,14.2,67.2,0.403,9.6,4.8,11.7,12.5,14.9,90.1,237.6,39799.52626,12.34679065,0.008003072,0.469033968,0.48380245,0.07164017,0.010733212,0.042016332,-0.15342235,0.390873947,0.260902615,0.030030084,0.030030084,463,19.18693158,NA,0.578573344,19,0.647608183,3/14/2020,249,559,20,10
76,houston,3/24/2020,4/3/2020,525.8,9.4,110.1,31.9,199.2,17.1,61.8,0.438,14.9,4.8,11.3,13.5,18,90.7,155.3,159001.3724,11.95420163,0.008781342,0.609510578,0.33900649,0.06720954,0.01241405,0.042979629,0.168084819,0.41611511,0.423627862,0.052857188,0.052857188,500,17.09337774,1,0.498601554,16.33333333,0.581951267,3/18/2020,142,281,16,13
77,irwin,3/24/2020,4/3/2020,475.8,16.3,79.4,31.3,163.7,22.4,35.9,0.498,23.6,6.9,10.6,13.9,28.2,82.1,11.4,261100.5763,9.14825218,0.012106508,0.697169611,0.287188764,0.040646946,0.006916365,0.010214939,0.51937114,0.328048521,0.233028304,0.025668911,0.025668911,535,17.42523215,1,0.539939202,21.42857143,0.588049871,3/24/2020,15,21,1,1
78,jackson,3/24/2020,4/3/2020,330.1,10.9,69.9,26.2,150,9.8,55.4,0.43,12.7,3.7,11,14.3,18,82.8,69.9,86745.55446,11.16226099,0.009510795,0.88425492,0.08284343,0.081380818,0.009798074,0.024367385,0.642254359,0.374613047,0.312331374,-0.013406291,-0.013406291,186,17.66820645,NA,0.566448802,9.857142857,0.654732584,3/25/2020,63,119,3,3
79,jasper,3/24/2020,4/3/2020,624,10.9,66.6,31.7,126.4,16.9,48.5,0.433,16.9,4.4,11.3,17.6,23.6,76.1,16.7,81039.86098,9.549665678,0.011500989,0.774216524,0.210897436,0.040242165,0.011680912,0.00477208,0.495542473,0.383333333,0.198433048,-0.006535477,-0.006535477,261,16.62238055,NA,0.498848258,7.285714286,0.613263262,3/24/2020,17,26,1,0
80,jeff davis,3/24/2020,4/3/2020,192,23.3,63.1,29.8,103.9,23.4,35.5,0.439,23.9,5.7,10.6,19,30.8,77,19.6,271721.0385,9.617736947,0.010196712,0.820214252,0.159957416,0.122163817,0.011577617,0.008051101,0.657320872,0.369685275,0.321844434,-0.077366763,-0.077366763,274,17.02602908,1,0.527945802,13.14285714,0.62908669,4/6/2020,22,22,1,1
81,jefferson,3/24/2020,4/3/2020,935.9,20.3,76,32.3,167.3,28.3,33.7,0.48,25.2,6.4,11,18.3,32.3,74.5,13.9,198757.54,9.644068945,0.011850909,0.45139339,0.53499676,0.037783539,0.006156837,0.007453014,-0.057189301,0.326701231,0.306869734,-0.058929736,-0.058929736,978,17.11547154,NA,0.561565017,40.57142857,0.619955762,3/31/2020,14,17,1,1
82,jenkins,3/24/2020,4/3/2020,1487.7,12.5,71.1,30.4,132.7,26.9,30.6,0.439,34.2,6.5,10.4,18.1,30,78.7,12.2,249582.9191,9.06912237,0.011061016,0.544397098,0.438788437,0.056201774,0.007716227,0.00760106,0.297005571,0.343775193,0.241045722,0.022258883,0.022258883,1069,17.94688032,11,0.518858446,37.71428571,0.631229339,3/28/2020,16,17,1,1
83,johnson,3/24/2020,4/3/2020,485.5,13,89.6,33.3,169,17.9,32.2,0.446,29.4,5.1,10.8,14.4,26.2,75.6,13.6,198893.3476,9.180705567,0.012494454,0.638957561,0.348372476,0.025957973,0.007828595,0.005974454,0.452483491,0.395550062,0.237330037,0.020313955,0.020313955,1142,18.45817888,16,0.563138448,42.28571429,0.6647622,3/31/2020,39,64,2,2
84,jones,3/24/2020,4/3/2020,326.4,18.4,85.3,30.4,158.4,13.7,54.2,0.428,12.3,4.4,11.6,13.1,16,88.3,29.7,111667.9342,10.26172128,0.011380732,0.725677942,0.25898099,0.017787252,0.007757898,0.008736371,0.361707258,0.419695275,0.165222253,0.031016209,0.031016209,1066,18.73376605,NA,0.608548931,39.85714286,0.647970791,3/25/2020,22,31,0,0
85,lamar,3/24/2020,4/3/2020,640.7,19.3,70.9,32.9,144.9,24.5,44.6,0.475,18.2,5.6,11.2,14.5,22.1,85.5,40.7,78798.87261,9.852194258,0.011062604,0.665105263,0.317105263,0.024789474,0.009578947,0.009894737,0.395541661,0.357052632,0.240736842,0.048761553,0.048761553,1067,17.97580724,15,0.530451501,35.42857143,0.634825808,3/20/2020,21,38,1,1
86,lanier,3/24/2020,4/3/2020,686.5,32.3,74,31.8,147.5,21.8,35.7,0.497,22.8,4.8,10.1,16.5,23.9,79.9,22.9,326917.2764,9.243775148,0.009521128,0.727272727,0.237234043,0.057930368,0.020116054,0.018955513,0.428198433,0.35106383,0.160831721,-0.012704797,-0.012704797,1255,18.14518718,22,0.515789817,53.71428571,0.648185596,4/2/2020,8,10,2,2
87,laurens,3/24/2020,4/3/2020,666.9,14.5,97,36.9,168.7,30.2,39,0.521,25.6,5.9,11.2,14.2,30.9,83.9,26.5,198140.7209,10.76479398,0.011699842,0.599598521,0.381384046,0.027385103,0.006782884,0.013269942,0.32234065,0.352202853,0.382187005,0.00720902,0.00720902,1144,18.3777183,NA,0.55128657,42,0.652637083,3/19/2020,37,72,1,1
88,lee,3/24/2020,4/3/2020,270.9,24.6,68.9,32.6,158.4,13.4,63,0.396,11.2,4.4,11.2,11.9,16.1,88.9,28.9,220963.2702,10.30105489,0.00837283,0.73367155,0.22755678,0.029633114,0.00752587,0.03238812,0.499004058,0.43693724,0.163452493,0.001543809,0.001543809,1087,18.59079011,11,0.551681398,43.14285714,0.650570548,3/12/2020,212,339,22,19
89,liberty,3/24/2020,4/3/2020,559.5,14.6,51.3,36.4,134.7,16,44.2,0.413,15.3,5.1,10.2,12.3,15.8,90.9,54.6,349476.8828,11.02674367,0.006260996,0.472250679,0.477795665,0.127550937,0.017822008,0.035351318,-0.269325872,0.458168691,0.577637934,-0.019286218,-0.019286218,1204,18.71444805,26,0.53145403,42,0.696579089,3/24/2020,34,41,0,0
90,lincoln,3/24/2020,4/3/2020,366.2,13.9,63.8,27.6,121.7,20.6,41.5,0.488,19.1,5.2,10.4,16.7,21.2,83,22.7,179114.6927,8.976514972,0.014901612,0.679974732,0.300821226,0.01958307,0.012128869,0.00795957,0.395061728,0.385470625,0.175489577,-0.039266704,-0.039266704,1263,19.11426795,1,0.5761079,44,0.705510828,3/21/2020,9,12,1,0
91,long,3/24/2020,4/3/2020,312.9,9.7,79.7,34.7,154.9,17.1,44.5,0.372,18.6,4.9,10.2,17.9,20.7,86.5,15.1,332748.8481,9.852088989,0.006875183,0.664438362,0.294925782,0.112380251,0.019212549,0.024055164,0.305152576,0.341141173,0.082377092,-0.005911877,-0.005911877,1146,18.9926403,15,0.587024913,39.5,0.667697845,3/26/2020,2,5,1,0
92,lowndes,3/24/2020,3/24/2020,507.4,16.2,58.7,36.5,144.3,20.7,41.3,0.503,22.1,4.5,10.4,15.4,22.4,84.4,88.5,341651.9956,11.66410889,0.008291519,0.58028215,0.383688242,0.059395982,0.010797706,0.028395561,0.152826336,0.406616174,0.472648963,-0.015673437,-0.015673437,1424,18.47915002,22,0.53971514,47.85714286,0.682065376,3/12/2020,50,173,5,4
93,lumpkin,3/24/2020,4/3/2020,282.1,10.2,65.9,31.9,135.7,10.4,47.3,0.485,16.2,4,9.6,17.9,15.8,83.3,45.7,97722.48319,10.40289827,0.011154976,0.948262783,0.024670005,0.05031103,0.015839782,0.011348809,0.599498183,0.428614778,0.285874678,0.032320084,0.032320084,1506,18.83340911,18,0.574621612,53.28571429,0.676442435,3/21/2020,22,76,1,2
94,macon,3/23/2020,4/3/2020,705.9,15.8,79.6,34,167.5,21.4,31.4,0.499,32.1,6.7,11.4,18.9,24.1,72.8,15.3,158608.1549,9.483644576,0.011130153,0.363767785,0.609145553,0.0444343,0.009739025,0.017347638,-0.259900403,0.319790002,0.275127444,0.040419702,0.040419702,1258,19.6311825,19,0.602568676,39.6,0.683299507,3/24/2020,55,81,6,5
95,madison,3/24/2020,4/3/2020,303.1,14.3,93.4,32.7,169,13.7,47.2,0.428,14.9,4.3,10.9,17.4,25.2,82.3,41.7,116424.6533,10.2972174,0.011130952,0.86529511,0.103507589,0.057706577,0.009814503,0.022563238,0.578083597,0.382394604,0.151197302,0.038780874,0.038780874,1243,19.83969505,12,0.62341033,40.28571429,0.692849156,3/23/2020,15,28,1,1
96,marion,3/24/2020,4/3/2020,346.5,21,46.2,30.4,101.5,24.2,38.7,0.44,23.4,6,11,17.2,22.1,77.1,11.4,156421.1876,9.030136571,0.013013819,0.640282601,0.326547719,0.071727937,0.016405221,0.011735122,0.284885705,0.375164651,0.262842773,0.011250855,0.011250855,1071,18.59645948,12,0.558325417,45.14285714,0.656013642,4/3/2020,42,37,2,1
97,mcduffie,3/24/2020,4/3/2020,727.8,17.3,78.2,31,160.7,27.1,39.6,0.463,22.8,5.9,10.9,14.6,30.3,81.2,36.2,179144.3847,9.977249036,0.011440549,0.554735033,0.429706005,0.032139706,0.009010264,0.007291812,0.215650591,0.378663323,0.346570062,0.005592548,0.005592548,910,19.78461165,9,0.628169014,34.5,0.684345699,3/28/2020,43,50,5,4
98,mcintosh,3/24/2020,4/3/2020,309.3,12.1,68.5,30.9,142.8,16.7,40.8,0.481,20.6,4.8,9.4,15.8,19.5,82.8,21.7,378830.7596,9.570808114,0.016682495,0.635355649,0.347001395,0.022036262,0.011645746,0.006764296,0.195451183,0.357112971,0.211715481,-0.022862161,-0.022862161,199,19.07444915,NA,0.568575233,2,0.690144383,3/31/2020,4,6,0,0
99,meriwether,3/24/2020,4/3/2020,402.2,18.3,73.4,30.9,142.1,26.5,34.5,0.456,21.2,5.6,11,16.4,29,77.2,19.9,84195.87714,9.955510581,0.013225477,0.582257452,0.401129675,0.021501804,0.009588001,0.007499525,0.184046243,0.356891969,0.268701348,-0.032738246,-0.032738246,82,19.1976418,NA,0.611877195,5.142857143,0.697018255,3/24/2020,47,61,2,1
100,miller,3/24/2020,4/3/2020,775.5,16.9,68.8,28.4,125.8,28,42.8,0.486,23.1,4.7,10.6,15.7,29.1,82.1,9.9,290098.4981,8.645762292,0.014904439,0.692226521,0.291417517,0.026380584,0.008090046,0.008090046,0.561987041,0.409602533,0.298979951,0.0898537,0.0898537,107,18.17157063,NA,0.481507134,4.571428571,0.57711248,3/20/2020,20,30,0,0
101,mitchell,3/24/2020,4/3/2020,798.8,10,68.8,32.9,157.8,29.9,33.5,0.442,29.9,6.5,11.1,17.2,30.5,76.6,17.6,282039.5914,10.00748714,0.010889152,0.491438356,0.487833453,0.045917448,0.010003605,0.01122026,0.126358149,0.347873107,0.387887527,0.057473257,0.057473257,1013,15.43646892,3,0.383123527,27.16666667,0.526128858,3/24/2020,214,340,32,33
102,monroe,3/24/2020,4/3/2020,515.5,9.1,66.7,30.6,132.7,14.6,55.6,0.538,12.2,4.5,11.5,13.9,16.3,84.2,27.1,93106.53392,10.22266829,0.012433293,0.74400436,0.235828488,0.024454942,0.008321221,0.012681686,0.44767352,0.38150436,0.28059593,9.54E-06,9.54E-06,1219,15.68263067,4,0.452287749,46.57142857,0.530146146,3/20/2020,15,34,8,3
103,montgomery,3/24/2020,4/3/2020,416.6,8,90.4,34.2,154.8,17.9,39.1,0.471,22.7,6.6,10.7,17.6,23.4,81.3,16.4,246677.3461,9.126197604,0.010996604,0.720874578,0.266072011,0.067768955,0.004895029,0.00891983,0.528628118,0.358968781,0.167953878,-0.13036318,-0.13036318,1093,17.22490402,8,0.47902571,45.14285714,0.695553111,4/12/2020,4,2,0,0
104,morgan,3/24/2020,4/3/2020,410.4,11.5,62.3,32.6,110.4,12.6,55.3,0.455,13.1,4.4,11.3,14.2,19.2,86.6,21.5,84779.46791,9.844427331,0.012981457,0.747361163,0.232588978,0.03336339,0.011616188,0.009441468,0.432308014,0.39479128,0.480294913,0.031361159,0.031361159,1228,18.21377441,7,0.535207714,43.85714286,0.638426703,3/23/2020,22,30,0,0
105,murray,3/24/2020,4/3/2020,446.1,19.1,90.5,31.8,163.6,16.9,43.2,0.403,18.1,5.7,10.5,19.3,28.1,67.6,46.4,119893.8622,10.59465778,0.009831381,0.956864808,0.018812154,0.155958017,0.014929486,0.007715238,0.723379317,0.394479096,0.27221262,-0.044823711,-0.044823711,1412,18.74902948,6,0.5878292,54.85714286,0.672227051,3/28/2020,24,41,1,1
106,muscogee,3/24/2020,4/3/2020,717.9,12.9,65.6,32.6,146,23.3,40.9,0.499,21.5,6.1,11.9,12.3,24.8,87.4,382.1,145817.6782,12.17643784,0.009210542,0.455588175,0.498799959,0.076679028,0.012525752,0.037680264,-0.223068656,0.443469304,0.580279151,-0.029444238,-0.029444238,1226,18.96012997,10,0.587486744,58,0.682767468,3/19/2020,192,354,17,7
107,newton,3/24/2020,4/3/2020,531.4,16.8,71.3,32.6,156.5,16.4,51.2,0.427,17.5,5.3,11.5,14.7,22.2,85.2,140.9,54380.96417,11.60405419,0.008705999,0.495266613,0.481098402,0.059320255,0.010343159,0.015847947,-0.09186157,0.38900503,0.250791941,0.026645453,0.026645453,1209,19.01661303,13,0.549888865,53.14285714,0.691556923,3/15/2020,79,236,11,6
108,oconee,3/24/2020,4/3/2020,169,5,65.2,27.4,128.8,4.4,88.6,0.461,6.8,3.5,11.1,9.6,8.6,94.3,67.2,88281.60428,10.57826708,0.010073005,0.887196985,0.060271949,0.050875942,0.005805663,0.047769403,0.408069803,0.406651049,0.312461805,-0.042696762,-0.042696762,1489,19.4589206,15,0.595420784,58.14285714,0.702997479,3/20/2020,48,67,3,0
109,oglethorpe,3/24/2020,4/3/2020,288,10,70.6,31.4,155.1,11.5,45.3,0.412,15.4,4.3,10.9,16.8,15.3,77.9,14.8,121574.7587,9.619399016,0.012443882,0.79447323,0.184535672,0.050352066,0.008901289,0.012754085,0.419583655,0.417829148,0.163677428,-0.009576085,-0.009576085,1459,19.97944488,22,0.614123581,62.71428571,0.709172108,3/31/2020,48,53,5,4
110,paulding,3/24/2020,4/3/2020,386.8,11.9,97.4,28.6,173.9,11.1,65.5,0.391,8.6,4.1,10.7,12,13.1,90.1,167,48192.70839,12.00788996,0.007408991,0.751164322,0.222684158,0.067006413,0.010984858,0.018202433,0.339694968,0.417388018,0.169503304,0.030301922,0.030301922,1353,19.1692462,3,0.55726193,50.85714286,0.69433986,3/16/2020,91,218,11,7
111,peach,3/24/2020,4/3/2020,916.6,13.9,94.8,36.1,173,21.9,44.3,0.449,21.4,5.5,11.5,16.1,22.9,85.8,73.5,141837.8517,10.21453209,0.01054505,0.517639301,0.457852511,0.078323625,0.011210023,0.016009085,0.044614648,0.417042166,0.339817562,0.000286349,0.000286349,1545,19.47214866,18,0.606567458,57.16666667,0.688054855,3/19/2020,28,61,3,2
112,pickens,3/24/2020,3/24/2020,343.4,11.3,79.5,30.3,129.7,11.6,57.6,0.421,11.3,4.5,10.2,14.9,18.5,83.7,59,79438.06083,10.37286599,0.013511493,0.961475922,0.018230144,0.030519074,0.012132583,0.008724203,0.705732675,0.391400876,0.332113821,0.037931537,0.037931537,1601,19.67940978,14,0.592994674,58.28571429,0.688149909,3/20/2020,15,31,3,2
113,pierce,3/24/2020,4/3/2020,585.2,19,97.3,31,170.1,20,42.9,0.503,17.3,4.6,10.1,17.1,26.1,81.9,25.2,335644.549,9.872461174,0.010948217,0.881221311,0.096033834,0.050595699,0.013719119,0.009386766,0.782248693,0.369952035,0.240084584,0.028713188,0.028713188,1639,19.57062072,9,0.572729188,55.85714286,0.686040921,3/23/2020,51,59,4,3
114,pike,3/24/2020,4/3/2020,384.3,4.6,65,29.2,147.6,14.5,56.9,0.452,11.7,4.4,11.1,14.2,18.2,89,31.6,73635.93913,9.832743148,0.010621,0.883492541,0.101588494,0.015884942,0.007781475,0.008264463,0.720824066,0.387517441,0.159493399,-0.013879719,-0.013879719,1733,19.73902552,37,0.563012407,56.16666667,0.714611998,3/28/2020,39,41,2,2
115,polk,3/24/2020,3/27/2020,524.6,14.7,110.1,34.9,190.3,23,42.5,0.484,18.6,5.3,10.9,17.2,27.5,76.7,54.5,79082.09303,10.65655322,0.010274857,0.835837061,0.141276195,0.136566988,0.012408759,0.009818696,0.590078532,0.372874971,0.301930775,-0.009688267,-0.009688267,1848,20.29642235,37,0.606231702,64.42857143,0.724398525,3/6/2020,16,64,0,0
116,pulaski,3/24/2020,4/3/2020,463,19.5,93.9,34.6,175.2,17.1,36.6,0.451,25,5.4,11,16.8,19,80.1,20.7,189495.7715,9.311903687,0.014549806,0.652272111,0.326768452,0.034781823,0.007859789,0.013732044,0.399779128,0.354955281,0.351070557,0.006061597,0.006061597,1099,20.03736993,3,0.6027121,45.71428571,0.698676973,3/24/2020,17,34,2,1
117,putnam,3/24/2020,4/3/2020,525.5,19.3,57.7,31.4,106.4,19.1,44.8,0.467,18.4,5.8,11.3,17.7,22,85.9,37.2,105619.3982,9.990078008,0.014806086,0.706772433,0.274611399,0.064422945,0.008161768,0.008803705,0.441885378,0.422073456,0.309826219,-0.024516297,-0.024516297,1170,19.984281,4,0.59082286,34.71428571,0.75201414,4/2/2020,40,52,7,6
118,quitman,3/24/2020,4/3/2020,174.9,13.1,73.6,31.5,145.5,28.3,30.5,0.465,27.1,6,10.9,16.8,25.5,70.3,13.5,218170.6937,7.731492029,0.019571786,0.505046073,0.479157525,0.017112769,0.009653357,0.006581834,0.119148936,0.322071084,0.169372532,-0.03067072,-0.03067072,NA,20.2528907,NA,0.619293534,NA,0.750418637,4/3/2020,5,6,1,1
119,rabun,3/24/2020,4/3/2020,431.9,14.7,53.9,27.9,105.8,11.7,41.9,0.53,17.1,4.9,8.8,22,20.2,83.8,33.3,154767.7431,9.733114329,0.017087843,0.949012865,0.023655659,0.082350151,0.014347543,0.013932531,0.611638955,0.359518587,0.374992589,0.057522221,0.057522221,1123,19.6937766,NA,0.608423449,28.42857143,0.691961426,3/31/2020,12,13,1,1
120,randolph,3/23/2020,4/3/2020,1181.9,9.4,43.5,31.4,110.2,27.7,31.7,0.545,30.5,7,10.7,14.6,29.9,73.7,9.7,224309.3699,8.829519095,0.015731406,0.368798478,0.620518074,0.023415776,0.003366018,0.006146641,-0.093581929,0.362066442,0.354749012,-0.010980171,-0.010980171,189,18.85799431,NA,0.577291577,7.714285714,0.683235492,3/20/2020,139,167,20,19
121,richmond,3/22/2020,4/3/2020,983.2,11.6,67.9,32.1,145.9,26.4,41.1,0.484,25.6,5.9,11.3,14.3,28.2,83,266.2,218983.538,12.21381261,0.009417512,0.376931244,0.589459897,0.050185062,0.011326989,0.026528871,-0.362839427,0.40015579,0.602900463,0.022062286,0.022062286,224,19.52970212,NA,0.596476854,7.714285714,0.714098381,3/17/2020,162,436,17,14
122,rockdale,3/24/2020,3/26/2020,487.7,13.2,62.7,34.7,152,19.6,56.7,0.416,14.7,5.2,11.6,15.4,19.9,86.9,256.3,35106.25911,11.41414326,0.009652532,0.38228801,0.585568581,0.104035587,0.01160121,0.024361437,-0.355258491,0.404607369,0.40986158,0.133228507,0.133228507,174,17.56725315,NA,0.519187987,NA,0.566429076,3/20/2020,116,226,9,6
123,schley,3/24/2020,4/3/2020,784.8,5.2,66.8,30.3,137.6,17.1,43.4,0.454,18.5,5.7,11.1,16.1,20.8,81.3,13.2,166229.5968,8.563313127,0.011171245,0.762032086,0.213330787,0.062452254,0.014705882,0.012987013,0.627004656,0.365928189,0.213330787,0.027483631,0.027483631,NA,15.80178947,NA,0.44599263,NA,0.544713026,3/30/2020,16,15,1,1
124,screven,3/24/2020,4/3/2020,965.2,10.6,63.3,31.3,120.2,23.7,36.4,0.463,27.6,6.8,10.4,16.8,28.9,82,10.4,281369.4989,9.542374202,0.012176048,0.562275793,0.420505094,0.023245803,0.00853781,0.009398766,0.210011082,0.384488449,0.303773856,-0.014030613,-0.014030613,NA,15.97241725,NA,0.485645453,NA,0.565287669,3/31/2020,15,17,1,1
125,seminole,3/24/2020,4/3/2020,406.5,7.3,107.7,32.6,203.5,30.9,35,0.519,23.4,6.9,10.4,14.5,31.8,84,20.4,316628.213,9.025816392,0.01494412,0.64461816,0.337101624,0.035117258,0.008177992,0.010703548,0.337155253,0.350090198,0.322429345,-0.093584709,-0.093584709,737,18.13551632,45,0.522375423,67.71428571,0.681830869,3/25/2020,27,33,2,2
126,spalding,3/24/2020,3/24/2020,773.7,13.8,68.7,33.5,147.8,23.8,43.1,0.454,22.4,5.8,11.3,15.9,27.7,80.6,136.3,55680.09184,11.09892403,0.011563616,0.618683812,0.357428139,0.047110439,0.010786687,0.014599092,0.232583856,0.346656581,0.317004539,0.01293308,0.01293308,1727,18.57613581,7,0.522882917,57.71428571,0.655151035,3/17/2020,83,224,14,8
127,stephens,3/24/2020,4/3/2020,449.6,9.5,66.5,32,134.7,25.5,37.9,0.489,20.8,4.8,9.8,15.4,29.2,81.6,70.7,134426.2851,10.16719707,0.012291322,0.850316881,0.128557711,0.035951604,0.009948147,0.011983868,0.620006603,0.387555214,0.371000576,-0.03327127,-0.03327127,1718,18.98964253,40,0.592036374,59.14285714,0.688801416,3/24/2020,41,91,2,1
128,stewart,3/24/2020,4/3/2020,310.4,14,51.7,33,104.6,22.2,24.9,0.503,39.2,6.5,11,18.2,22.8,65.7,5.2,191150.0824,8.732143268,0.010528182,0.448782062,0.497983546,0.315373447,0.020809808,0.037425391,-0.161077515,0.240038716,0.218583643,-0.063614975,-0.063614975,NA,19.7573255,NA,0.612783941,NA,0.72830862,3/31/2020,21,27,0,0
129,sumter,3/24/2020,4/3/2020,494.1,13.7,52.7,32.9,135.4,31,35.8,0.484,28.9,6.9,11.4,16,32.1,78.7,28.8,191595.0104,10.30001282,0.010810699,0.434903979,0.538223523,0.05731006,0.009181717,0.01691723,-0.019988632,0.371136448,0.404399152,0.052890694,0.052890694,1779,19.51607527,45,0.555935538,61.28571429,0.664710312,3/20/2020,302,387,40,28
130,talbot,3/24/2020,4/3/2020,408.4,18.8,66.5,32.7,126.6,23.2,36.5,0.472,23.5,5.9,11,15.3,22.6,79.2,8.7,118151.5712,8.743850562,0.015273597,0.426498724,0.55723852,0.028061224,0.010841837,0.005420918,-0.202437373,0.390465561,0.111607143,0.009414822,0.009414822,1681,20.04143102,8,0.634399892,61.42857143,0.683579117,3/31/2020,22,26,1,1
131,taliaferro,3/24/2020,4/3/2020,519.2,12.7,63.8,30.8,118.9,37.8,30.1,0.484,28.8,7.1,10.5,19.2,34.6,69.1,5.2,141236.4427,7.38274645,0.016950945,0.419776119,0.55659204,0.043532338,0.006840796,0.018034826,-0.23669924,0.353855721,0.189054726,-0.01559466,-0.01559466,NA,20.69798565,NA,0.642669469,NA,0.762015433,5/3/2020,1,1,0,0
132,tattnall,3/24/2020,4/3/2020,555,22.3,75.4,34.7,152.4,16.4,35.6,0.455,29.8,4.7,10.6,18.6,22,74.4,20.8,288950.0818,10.14215006,0.009628739,0.671773463,0.309361585,0.115985979,0.010082313,0.007994959,0.531969309,0.274900555,0.230790438,0.005751548,0.005751548,1732,19.98249514,26,0.581833154,48.42857143,0.727850296,3/23/2020,5,9,0,0
133,taylor,3/24/2020,4/3/2020,686.1,7.4,88,31.4,175.6,21.8,31.6,0.468,24.7,7.2,11.2,16.6,27.4,76.8,12.1,133991.9646,8.992059976,0.013113992,0.588008459,0.395447195,0.027490981,0.006841647,0.010946635,0.262295082,0.348177634,0.255380022,-0.104843649,-0.104843649,1542,20.59645559,19,0.655400254,47,0.761823958,3/25/2020,13,18,2,2
134,telfair,3/24/2020,4/3/2020,457.3,15,102.1,29.2,183,16.1,32.3,0.424,30.8,6.7,10.8,15.5,20.3,70.4,16.7,244019.5971,9.672563814,0.012325391,0.603300579,0.380196523,0.146825397,0.007936508,0.010330058,0.339757709,0.279226505,0.310216679,-0.070093389,-0.070093389,1340,20.74345827,5,0.655028661,51.14285714,0.753565155,3/25/2020,18,28,1,0
135,terrell,3/24/2020,4/3/2020,608.7,12.1,50.8,31.6,139,35.8,34,0.47,31.1,6.3,10.9,16.4,34.4,75.8,12.2,220114.3391,9.060795735,0.013001956,0.370920915,0.611659505,0.026942283,0.010800139,0.007432354,-0.082508251,0.35443038,0.267680873,0.10638361,0.10638361,1087,18.25521268,12,0.539476652,32.42857143,0.626977039,3/20/2020,139,195,25,19
136,thomas,3/24/2020,4/3/2020,675.9,12.3,71.4,32.2,159.7,26.2,40.2,0.491,21.1,5.7,11.2,16,28.5,82.5,37,324705.5241,10.70207525,0.011981581,0.606708963,0.370545356,0.039349352,0.011519078,0.012261519,0.229355138,0.37862221,0.418579014,0.010177273,0.010177273,1722,18.53841393,14,0.581295125,65.28571429,0.672845577,3/25/2020,148,227,30,22
137,tift,3/22/2020,3/24/2020,402,11.2,75.7,31.7,168.7,24.9,40,0.484,22.1,4.8,10.9,17.4,28.3,82.2,63.5,268032.355,10.6108088,0.010059487,0.658475266,0.315225161,0.119937887,0.008429667,0.019077666,0.398815183,0.389046363,0.513692046,0.015597273,0.015597273,1856,18.60640532,29,0.611898017,73,0.654193938,3/20/2020,81,139,14,5
138,toombs,3/24/2020,4/3/2020,673.9,14.5,85.1,36.8,146.1,24.8,36.8,0.518,23.4,6.3,10.7,16.9,32.9,80.6,33.4,264312.4023,10.19939818,0.010838872,0.700747573,0.276230148,0.118867854,0.012347975,0.010785882,0.499097065,0.394019415,0.470747945,-0.056667035,-0.056667035,1814,20.26500217,40,0.617112206,70.85714286,0.734899184,3/26/2020,23,39,4,3
139,towns,3/24/2020,4/3/2020,430.9,3.7,45.3,29.6,80.8,9,42.4,0.434,15.1,5.8,8.7,15.8,14.7,89.1,46.4,142540.0606,9.380251909,0.021186645,0.965153561,0.017212285,0.029193385,0.008353021,0.009281134,0.643183301,0.310074249,0.299527506,-0.011989664,-0.011989664,1356,20.64323993,19,0.611444151,45.42857143,0.731166441,4/3/2020,22,20,1,1
140,treutlen,3/24/2020,4/3/2020,408.7,8.1,100,31.1,168.5,31.4,32.1,0.464,27.1,5.9,10.6,14.6,28.2,76.3,15,226640.0151,8.826000545,0.012198805,0.664121016,0.324423557,0.029666618,0.006755764,0.005140256,0.380260138,0.386400352,0.225583786,0.003594529,0.003594529,1411,20.9570616,25,0.632134112,57,0.731876812,4/6/2020,3,5,0,0
141,troup,3/24/2020,4/3/2020,567.9,10.1,88.7,31.4,159.7,19.9,43,0.476,20.3,4.5,11.2,14.7,24.7,83.6,67.7,99942.64438,11.15673612,0.010061378,0.589542222,0.377944998,0.037410401,0.007624868,0.024359597,0.22226404,0.396464574,0.529314333,0.053052961,0.053052961,1204,19.78494383,9,0.615278544,41.71428571,0.685586147,3/16/2020,61,171,8,4
142,turner,3/24/2020,4/3/2020,349.4,16.2,80.9,32.9,177.7,30.6,32,0.442,30.4,5.7,10.7,18.1,33.9,76.5,13.5,237761.326,8.976135873,0.012803448,0.564332659,0.415065723,0.047143579,0.008847321,0.010869565,0.2632865,0.35768453,0.279448938,-0.031470614,-0.031470614,716,19.83866706,NA,0.598493627,21.14285714,0.749781012,3/20/2020,50,73,12,8
143,twiggs,3/24/2020,4/3/2020,450.5,13.7,99.8,33.8,184.2,24.4,38.5,0.5,23.5,7.5,11.2,16,25.5,68.6,11.8,150369.2863,9.010424947,0.014363503,0.571079629,0.414753298,0.025403029,0.009281876,0.005251588,0.058808017,0.308500244,0.202613581,-0.038667024,-0.038667024,875,20.29490992,4,0.604980843,25.42857143,0.746760404,3/22/2020,4,8,0,0
144,union,3/24/2020,4/3/2020,398.8,11.5,57.1,29.3,111.7,11.1,47.9,0.474,15.4,4.2,9,17.3,16.8,88.7,43.6,125636.7061,10.08585078,0.019988358,0.966834715,0.012541144,0.034165243,0.012041165,0.00904129,0.678213232,0.300612474,0.318195075,0.054039546,0.054039546,734,18.74650215,NA,0.590446067,30.14285714,0.656241717,4/2/2020,33,33,1,1
145,upson,3/24/2020,4/3/2020,985,10.1,63.4,31,128.6,27.9,34,0.473,19.8,5.6,11.2,14.8,30.1,79.2,37.6,97459.77493,10.17408705,0.012166016,0.687659737,0.293763113,0.023421705,0.009345794,0.009612817,0.342543528,0.362120923,0.323860385,-0.009070614,-0.009070614,1651,18.14595004,23,0.545622441,51.85714286,0.664984507,3/27/2020,193,246,33,24
146,walker,3/23/2020,4/3/2020,171.6,16.6,96.5,32.3,162.8,14.3,40.8,0.45,18.6,4.6,11,14.3,22,81.3,67.4,137955.6346,11.14778623,0.01233647,0.926696441,0.054775969,0.023152284,0.009465495,0.009148538,0.631084225,0.398256735,0.226537963,-0.000403911,-0.000403911,1845,18.72628536,29,0.557878131,67.57142857,0.693813859,4/1/2020,60,61,0,0
147,walton,3/24/2020,4/3/2020,404,9.2,75.4,31,154.3,12.8,55.3,0.426,12.8,4.3,11.4,14.2,19.2,86.8,99.6,60459.48044,11.4457488,0.010246077,0.777087366,0.194079334,0.046586741,0.008866026,0.020320204,0.544460528,0.392415217,0.240837192,-0.03364304,-0.03364304,1817,20.54455045,35,0.666110648,73.85714286,0.724425942,3/24/2020,64,148,9,5
148,ware,3/24/2020,4/3/2020,1050.7,11.1,87.1,33.7,173,25.2,34.6,0.455,25.5,4.5,10.1,14.7,30.3,82.4,18.3,352642.6407,10.48234559,0.011517545,0.664265695,0.313873318,0.045123318,0.010005605,0.012163677,0.438180828,0.360257848,0.460426009,-0.026064031,-0.026064031,1807,19.82490532,26,0.58184088,71,0.715356582,3/26/2020,100,148,13,13
149,warren,3/24/2020,4/3/2020,669.2,21.6,71.7,32.9,138.4,27.7,36.8,0.51,28.2,5.9,10.8,15.4,31.1,75.1,10.5,163122.8947,8.566173814,0.014919474,0.388306989,0.596457818,0.015996953,0.007427157,0.008760236,-0.06501548,0.370024757,0.258998286,0.031863345,0.031863345,NA,20.42706032,NA,0.615384615,NA,0.708393378,3/30/2020,12,13,0,0
150,washington,3/24/2020,4/3/2020,610.4,17.2,72.9,32,143.9,24.7,35.5,0.476,26.9,6,10.8,14,26.8,78.7,13.3,171713.6753,9.92260367,0.011660917,0.443294418,0.544687531,0.025556755,0.004267635,0.008044737,0.014200024,0.355587168,0.36446581,0.022891461,0.022891461,1820,20.92619214,30,0.678691275,67.71428571,0.737324633,3/23/2020,25,51,1,1
151,wayne,3/24/2020,4/3/2020,439.6,10.4,67.3,34.6,146.2,31.4,42,0.453,22.2,5.5,10.2,15.1,35.4,81.3,19,337137.4045,10.30253209,0.010436121,0.764090177,0.214707461,0.064579979,0.012177939,0.00976248,0.610008884,0.345108696,0.331622383,0.015296738,0.015296738,1927,19.7671019,18,0.580045993,72.71428571,0.704370035,4/5/2020,13,13,0,0
152,webster,3/24/2020,4/3/2020,245.8,8.7,47.7,31,120.7,22.9,36.3,0.471,20.8,8.1,10.9,16.5,22.3,80.9,7.3,190655.54,7.867488569,0.015579663,0.55304481,0.430486404,0.046725393,0.010340866,0.0076599,0.199090909,0.427039448,0.229414018,-0.029583528,-0.029583528,NA,20.57535331,NA,0.66531808,NA,0.733201227,3/31/2020,10,10,1,2
153,wheeler,3/24/2020,4/3/2020,260,10.1,82.6,29.5,156.7,16.7,29.5,0.441,39.1,8.4,10.7,14.6,20.9,76.9,8.9,239362.0417,8.971956271,0.009845549,0.60451834,0.385201168,0.05584465,0.004822947,0.006219063,0.423096841,0.168422389,0.185175784,-0.0020172,-0.0020172,NA,20.69533962,NA,0.664840047,NA,0.719195143,3/29/2020,3,5,0,0
154,white,3/24/2020,4/3/2020,334.5,12.3,64.9,27.8,125.4,12.3,45,0.435,14.3,4,9.4,15.7,17.8,85.2,66.7,115485.6611,10.30795216,0.014431644,0.951051051,0.028061395,0.033299967,0.012746079,0.007841175,0.701110237,0.362395729,0.296062729,0.05862767,0.05862767,1626,19.32786195,5,0.544710779,55.85714286,0.664495453,3/25/2020,33,87,3,1
155,whitfield,3/24/2020,4/3/2020,285.9,11.6,75.3,35,147.3,13.4,46.8,0.473,16.1,5,10.9,21.5,22.4,68.9,137.4,128707.8307,11.55274215,0.009554984,0.90702658,0.052468721,0.359276201,0.020699199,0.01871,0.455044462,0.429330591,0.534777344,-0.023124644,-0.023124644,1863,19.87793715,26,0.629693659,72.71428571,0.693626594,3/18/2020,31,141,7,4
156,wilcox,3/24/2020,4/3/2020,438.2,21.8,102.5,31.6,177.2,20.8,33.9,0.465,31,6.2,10.9,16.8,25.8,80.7,9.3,217383.2894,9.083869708,0.012063677,0.625397186,0.359509759,0.04845665,0.009872901,0.009192011,0.468561279,0.27246936,0.221402633,-0.053244292,-0.053244292,1867,20.59399559,41,0.652836134,62.85714286,0.76274345,3/31/2020,89,92,13,12
157,wilkes,3/24/2020,4/3/2020,526.3,17.5,64.1,31.4,105,25.2,33.7,0.505,22.9,5.3,10.6,16.7,28.7,78.6,11,152082.4065,9.19786285,0.015441053,0.553361685,0.429526124,0.053159174,0.006885379,0.010834346,0.183687457,0.380214662,0.334345889,0.014741598,0.014741598,2038,20.46538768,16,0.5980022,80.14285714,0.730437609,3/25/2020,21,26,1,0
158,wilkinson,3/24/2020,4/3/2020,501.1,11.5,96.2,34.9,177.3,24.6,47.3,0.446,20.9,5.9,11.3,13.9,26.9,82.6,10,154925.378,9.108971878,0.013158867,0.589198761,0.394532979,0.027445772,0.009849491,0.007193448,0.116295428,0.355135015,0.336542718,-0.04030705,-0.04030705,2188,20.87394954,45,0.687600644,83.42857143,0.743398305,3/31/2020,34,40,3,3
159,worth,3/23/2020,4/3/2020,753.9,29.8,60.5,34.8,144.1,24.1,40.1,0.447,21.1,5,11,17.4,24.1,78.1,16.2,250234.1161,9.918326903,0.012322697,0.694911079,0.289423124,0.022611951,0.00743879,0.008768905,0.512490441,0.407261441,0.200453224,-0.01650985,-0.01650985,2230,21.2721536,51,0.673316708,76.42857143,0.757202572,3/20/2020,116,179,20,11
